apc-a1	modul-arab-syam-101-id	cover.png
ar-a1	modul-arab-101-id	cover.jpg
ar-eg-a1	modul-arab-mesir-101-id	cover.png
bg-a1	modul-bulgaria-101-id	cover.png
bn-a1	modul-bengali-101-id	cover.png
bs-a1	bosanski-101-a1-id	cover.png
bs-a2	bosanski-102-a2-id	cover.png
bs-b1	bosanski-103-b1-id	cover.png
bs-b2	bosanski-104-b2-id	cover.png
cs-a1	cestina-101-a1-id	cover.png
da-a1	dansk-101-a1-id	cover.jpg
da-a2	dansk-102-a2-id	cover.png
da-b1	dansk-103-b1-id	cover.png
da-b2	dansk-104-b2-id	cover.png
de-a1	modul-jerman-101-id	cover.jpg
de-a2	german-102-a2-id	cover.png
de-b1	german-103-b1-id	cover.png
de-b2	deutsch-104-b2-id	cover.png
el-a1	modul-yunani-101-id	cover.jpg
en-a1	modul-inggris-101-id	cover.jpg
en-a2	english-102-a2-id	cover.png
en-b1	english-103-b1-id	cover.png
en-b2	english-104-b2-id	cover.png
es-a1	espanol-101-a1-id	cover.jpg
es-a2	espanol-102-a2-id	cover.png
es-b1	espanol-103-b1-id	cover.png
es-b2	espanol-104-b2-id	cover.png
et-a1	modul-estonia-101-id	cover.jpg
eu-a1	euskara-101-a1-id	cover.png
fi-a1	suomi-101-a1-id	cover.jpg
fr-a1	modul-prancis-101-id	cover.jpg
fr-a2	francais-102-a2-id	cover.png
fr-b1	francais-103-b1-id	cover.png
fr-b2	francais-104-b2-id	cover.png
ga-a1	gaeilge-101-a1-id	cover.png
he-a1	modul-hebrew-101-id	cover.jpg
hi-a1	modul-hindi-101-id	cover.jpg
hu-a1	modul-hungaria-101-id	cover.jpg
id-a1	indonesian-101-a1-en	cover.jpg
ielts-prep	modul-ielts-prep-id	cover.png
is-a1	islenska-101-a1-id	cover.jpg
it-a1	modul-italia-101-id	cover.jpg
it-a2	italiano-102-a2-id	cover.png
it-b1	italiano-103-b1-id	cover.png
it-b2	italiano-104-b2-id	cover.png
jv-a1	basa-jawa-101-a1-id	cover.png
ka-a1	modul-georgia-101-id	cover.jpg
km-a1	modul-khmer-101-id	cover.png
ko-a1	modul-korea-101-id	cover.jpg
ko-b1	hangugeo-103-b1-id	cover.png
la-a1	latina-101-a1-id	cover.png
lo-a1	lao-101-a1-id	cover.png
mn-a1	modul-mongolia-101-id	cover.png
ms-a1	modul-melayu-101-id	cover.png
my-a1	modul-myanmar-101-id	cover.png
nl-a1	modul-belanda-101-id	cover.jpg
nl-a2	dutch-102-a2-id	cover.png
nl-b1	dutch-103-b1-id	cover.png
nl-b2	nederlands-104-b2-id	cover.png
no-a1	modul-norwegia-101-id	cover.jpg
no-a2	norsk-102-a2-id	cover.png
no-b1	norsk-103-b1-id	cover.png
no-b2	norsk-104-b2-id	cover.png
pl-a1	polski-101-a1-id	cover.jpg
ps-a1	modul-pashto-101-id	cover.png
pt-a1	modul-portugis-101-id	cover.jpg
pt-br-a1	modul-portugues-brasil-101-id	cover.jpg
ro-a1	romana-101-a1-id	cover.png
ro-a2	romana-102-a2-id	cover.png
ro-b1	romana-103-b1-id	cover.png
ro-b2	romana-104-b2-id	cover.png
ru-a1	modul-rusia-101-id	cover.jpg
ru-a2	russian-102-a2-id	cover.png
ru-b1	russian-103-b1-id	cover.png
ru-b2	russian-104-b2-id	cover.png
sk-a1	modul-slovak-101-id	cover.png
sl-a1	modul-slovenia-101-id	cover.png
su-a1	modul-sunda-101-id	cover.png
sv-a1	modul-swedia-101-id	cover.jpg
sw-a1	modul-swahili-101-id	cover.jpg
th-a1	modul-thai-101-id	cover.jpg
tl-a1	tagalog-101-a1-id	cover.jpg
tl-a2	tagalog-102-a2-id	cover.png
tl-b1	tagalog-103-b1-id	cover.png
tl-b2	tagalog-104-b2-id	cover.png
toefl-itp	modul-toefl-itp-prep-id	cover.png
tr-a1	modul-turki-101-id	cover.jpg
uk-a1	ukrainska-101-a1-id	cover.jpg
ur-a1	modul-urdu-101-id	cover.png
uz-a1	modul-uzbek-101-id	cover.jpg
vi-a1	modul-vietnam-101-id	cover.jpg
zh-b1	mandarin-103-b1-id	cover.png
zh-tw-a1	modul-taiwan-101-id	cover.png
