ar-a2	arabic-102-a2-id	COVER LENGKAP (A2-B2)/ARABIC A2.png
ar-b1	arabic-103-b1-id	COVER LENGKAP (A2-B2)/ARABIC B1.png
ar-b2	arabic-104-b2-id	COVER LENGKAP (A2-B2)/ARABIC B2.png
id-a2	indonesian-102-a2-en	COVER LENGKAP (A2-B2)/BIPA A2.png
id-b1	indonesian-103-b1-en	COVER LENGKAP (A2-B2)/BIPA B1.png
id-b2	indonesian-104-b2-en	COVER LENGKAP (A2-B2)/BIPA B2.png
pt-br-a2	portugues-brasil-102-a2-id	COVER LENGKAP (A2-B2)/BRAZILIAN PORTUGUESE A2.png
pt-br-b1	portugues-brasil-103-b1-id	COVER LENGKAP (A2-B2)/BRAZILIAN PORTUGUESE B1.png
pt-br-b2	portugues-brasil-104-b2-id	COVER LENGKAP (A2-B2)/BRAZILIAN PORTUGUESE B2.png
fi-a2	suomi-102-a2-id	COVER LENGKAP (A2-B2)/FINNISH A2.png
fi-b1	suomi-103-b1-id	COVER LENGKAP (A2-B2)/FINNISH B1.png
fi-b2	suomi-104-b2-id	COVER LENGKAP (A2-B2)/FINNISH B2.png
el-a2	greek-102-a2-id	COVER LENGKAP (A2-B2)/GREEK A2.png
el-b1	greek-103-b1-id	COVER LENGKAP (A2-B2)/GREEK B1.png
el-b2	greek-104-b2-id	COVER LENGKAP (A2-B2)/GREEK B2.png
hu-a2	magyar-102-a2-id	COVER LENGKAP (A2-B2)/HUNGARIAN A2.png
hu-b1	magyar-103-b1-id	COVER LENGKAP (A2-B2)/HUNGARIAN B1.png
hu-b2	magyar-104-b2-id	COVER LENGKAP (A2-B2)/HUNGARIAN B2.png
pl-a2	polski-102-a2-id	COVER LENGKAP (A2-B2)/POLISH A2.png
pl-b1	polski-103-b1-id	COVER LENGKAP (A2-B2)/POLISH B1.png
pl-b2	polski-104-b2-id	COVER LENGKAP (A2-B2)/POLISH B2.png
th-a2	thai-102-a2-id	COVER LENGKAP (A2-B2)/THAI A2.png
th-b1	thai-103-b1-id	COVER LENGKAP (A2-B2)/THAI B1.png
th-b2	thai-104-b2-id	COVER LENGKAP (A2-B2)/THAI B2.png
tr-a2	turkce-102-a2-id	COVER LENGKAP (A2-B2)/TURKISH A2.png
tr-b1	turkce-103-b1-id	COVER LENGKAP (A2-B2)/TURKISH B1.png
tr-b2	turkce-104-b2-id	COVER LENGKAP (A2-B2)/TURKISH B2.png
vi-a2	tieng-viet-102-a2-id	COVER LENGKAP (A2-B2)/VIETNAMESE A2.png
vi-b1	tieng-viet-103-b1-id	COVER LENGKAP (A2-B2)/VIETNAMESE B1.png
vi-b2	tieng-viet-104-b2-id	COVER LENGKAP (A2-B2)/VIETNAMESE B2.png
