ro-a1	romana-101-a1-id	TAMBAHAN 4/ROMANIAN A1.png
ro-a2	romana-102-a2-id	TAMBAHAN 4/ROMANIAN A2.png
ro-b1	romana-103-b1-id	TAMBAHAN 4/ROMANIAN B1.png
ro-b2	romana-104-b2-id	TAMBAHAN 4/ROMANIAN B2.png
bs-a1	bosanski-101-a1-id	TAMBAHAN 4/BOSNIA A1.png
bs-a2	bosanski-102-a2-id	TAMBAHAN 4/BOSNIA A2.png
bs-b1	bosanski-103-b1-id	TAMBAHAN 4/BOSNIA B1.png
bs-b2	bosanski-104-b2-id	TAMBAHAN 4/BOSNIA B2.png
ga-a1	gaeilge-101-a1-id	TAMBAHAN 4/IRISH A1.png
ielts-prep	modul-ielts-prep-id	TAMBAHAN 4/IELTS.png
toefl-itp	modul-toefl-itp-prep-id	TAMBAHAN 4/TOEFL.png
